filename,predicted_class,label,class_0_prob,class_1_prob,class_2_prob,mark
chair_001_01.obj,0,0,1.0,0.0,0.0,
chair_001_02.obj,0,0,1.0,0.0,0.0,
chair_001_03.obj,0,0,1.0,0.0,0.0,
chair_001_04.obj,0,0,1.0,0.0,0.0,
chair_001_05.obj,0,0,1.0,0.0,0.0,
chair_001_06.obj,0,0,1.0,0.0,0.0,
chair_001_07.obj,0,0,0.9999,0.0001,0.0,
chair_001_08.obj,0,0,1.0,0.0,0.0,
chair_001_09.obj,0,0,1.0,0.0,0.0,
chair_001_10.obj,0,0,0.9999,0.0001,0.0,
chair_001_11.obj,0,0,0.9998,0.0002,0.0,
chair_001_12.obj,0,0,0.9998,0.0002,0.0,
chair_001_13.obj,0,0,0.9998,0.0002,0.0,
chair_001_14.obj,0,0,0.9998,0.0002,0.0,
chair_001_15.obj,0,0,0.9998,0.0002,0.0,
chair_001_16.obj,0,0,1.0,0.0,0.0,
chair_001_17.obj,0,0,1.0,0.0,0.0,
chair_001_18.obj,0,0,0.9999,0.0001,0.0,
chair_001_19.obj,0,0,0.9995,0.0005,0.0,
chair_001_20.obj,0,0,0.9995,0.0005,0.0,
chair_001_21.obj,0,0,0.9995,0.0005,0.0,
chair_001_22.obj,0,0,0.9995,0.0005,0.0,
chair_001_23.obj,0,0,0.9995,0.0005,0.0,
chair_001_24.obj,0,0,0.9308,0.0692,0.0,
chair_001_25.obj,0,0,0.9375,0.0625,0.0,
chair_001_26.obj,0,0,0.9921,0.0079,0.0,
chair_001_27.obj,0,0,0.9921,0.0079,0.0,
chair_011_01.obj,1,1,0.0007,0.9992,0.0001,
chair_011_02.obj,1,1,0.1136,0.8853,0.0012,
chair_011_03.obj,1,1,0.1155,0.8834,0.0012,
chair_011_04.obj,1,1,0.0323,0.9674,0.0004,
chair_011_05.obj,1,1,0.005,0.9949,0.0001,
chair_011_06.obj,0,0,1.0,0.0,0.0,
chair_011_07.obj,0,0,0.9999,0.0001,0.0,
chair_011_08.obj,0,0,0.9999,0.0001,0.0,
chair_011_09.obj,0,0,0.9999,0.0001,0.0,
chair_011_10.obj,0,0,0.9999,0.0001,0.0,
chair_011_11.obj,1,1,0.0,0.9999,0.0001,
chair_015_01.obj,1,0,0.269,0.7292,0.0018,x
chair_015_02.obj,0,0,1.0,0.0,0.0,
chair_015_03.obj,0,0,1.0,0.0,0.0,
chair_015_04.obj,1,1,0.0143,0.9856,0.0001,
chair_015_05.obj,0,0,1.0,0.0,0.0,
chair_015_06.obj,0,0,1.0,0.0,0.0,
chair_015_07.obj,0,0,1.0,0.0,0.0,
chair_015_08.obj,0,0,1.0,0.0,0.0,
chair_015_09.obj,0,0,1.0,0.0,0.0,
chair_015_10.obj,0,0,1.0,0.0,0.0,
chair_018_01.obj,1,1,0.0068,0.993,0.0002,
chair_018_02.obj,0,0,1.0,0.0,0.0,
chair_018_03.obj,0,0,1.0,0.0,0.0,
chair_018_04.obj,0,0,1.0,0.0,0.0,
chair_018_05.obj,0,0,1.0,0.0,0.0,
chair_018_06.obj,0,0,0.9996,0.0004,0.0,
chair_018_07.obj,0,0,0.9996,0.0004,0.0,
chair_018_08.obj,0,0,0.9997,0.0003,0.0,
chair_018_09.obj,0,0,0.9997,0.0003,0.0,
chair_019_01.obj,1,1,0.0694,0.9303,0.0003,
chair_019_02.obj,1,1,0.0694,0.9303,0.0003,
chair_019_03.obj,1,1,0.0078,0.9922,0.0,
chair_019_04.obj,1,1,0.0052,0.9948,0.0,
chair_019_05.obj,1,1,0.0098,0.9902,0.0,
chair_019_06.obj,1,1,0.0001,0.9999,0.0,
chair_019_07.obj,1,1,0.0,1.0,0.0,
chair_019_08.obj,1,1,0.0271,0.9729,0.0,
chair_019_09.obj,0,0,0.966,0.0004,0.0336,
chair_019_10.obj,0,0,0.9697,0.0003,0.03,
chair_019_11.obj,0,0,0.9672,0.0003,0.0325,
chair_019_12.obj,0,0,0.9715,0.0003,0.0282,
chair_019_13.obj,0,0,1.0,0.0,0.0,
chair_019_14.obj,0,0,1.0,0.0,0.0,
chair_023_01.obj,1,1,0.0005,0.9994,0.0001,
chair_023_02.obj,1,1,0.2704,0.7281,0.0014,
chair_023_03.obj,1,1,0.2697,0.7288,0.0014,
chair_023_04.obj,1,1,0.015,0.9848,0.0001,
chair_023_05.obj,2,2,0.0,0.0,1.0,
chair_023_06.obj,0,0,1.0,0.0,0.0,
chair_023_07.obj,0,0,1.0,0.0,0.0,
chair_023_08.obj,0,0,1.0,0.0,0.0,
chair_023_09.obj,0,0,1.0,0.0,0.0,
chair_023_10.obj,1,1,0.0,1.0,0.0,
chair_026_01.obj,1,1,0.0193,0.9753,0.0054,
chair_026_02.obj,1,1,0.0101,0.9898,0.0002,
chair_026_03.obj,1,1,0.0237,0.9761,0.0002,
chair_026_04.obj,0,0,1.0,0.0,0.0,
chair_026_05.obj,0,0,1.0,0.0,0.0,
chair_026_06.obj,0,0,1.0,0.0,0.0,
chair_026_07.obj,1,0,0.078,0.9218,0.0002,x
chair_026_08.obj,1,1,0.0,0.9999,0.0001,
chair_027_01.obj,1,1,0.0052,0.9935,0.0012,
chair_027_02.obj,0,0,1.0,0.0,0.0,
chair_027_03.obj,0,0,1.0,0.0,0.0,
chair_027_04.obj,1,1,0.0325,0.9673,0.0002,
chair_027_05.obj,0,0,0.9991,0.0008,0.0001,
chair_027_06.obj,0,0,0.9991,0.0008,0.0001,
chair_027_07.obj,0,0,1.0,0.0,0.0,
chair_027_08.obj,0,0,1.0,0.0,0.0,
chair_027_09.obj,0,0,0.7229,0.2705,0.0066,
chair_027_10.obj,0,0,0.6372,0.3583,0.0044,
chair_027_11.obj,0,0,0.6042,0.3822,0.0136,
chair_027_12.obj,0,0,0.6372,0.3583,0.0044,
chair_028_01.obj,0,0,0.9994,0.0006,0.0,
chair_028_02.obj,0,0,1.0,0.0,0.0,
chair_028_03.obj,0,0,1.0,0.0,0.0,
chair_028_04.obj,0,0,0.9999,0.0001,0.0,
chair_028_05.obj,0,0,1.0,0.0,0.0,
chair_028_06.obj,1,1,0.0206,0.9792,0.0002,
chair_028_07.obj,0,0,1.0,0.0,0.0,
chair_028_08.obj,0,0,1.0,0.0,0.0,
chair_029_01.obj,1,1,0.0009,0.9988,0.0002,
chair_029_02.obj,1,1,0.0209,0.979,0.0001,
chair_029_03.obj,0,0,0.9964,0.0028,0.0008,
chair_029_04.obj,0,0,1.0,0.0,0.0,
chair_029_05.obj,0,0,0.9823,0.0171,0.0006,
chair_029_06.obj,0,0,0.9964,0.0028,0.0008,
chair_029_07.obj,0,0,1.0,0.0,0.0,
chair_029_08.obj,0,0,0.9825,0.0169,0.0006,
chair_029_09.obj,0,0,1.0,0.0,0.0,
chair_029_10.obj,0,0,0.9998,0.0002,0.0,
chair_029_11.obj,0,0,1.0,0.0,0.0,
chair_029_12.obj,0,0,1.0,0.0,0.0,
chair_029_13.obj,0,0,0.9998,0.0002,0.0,
chair_029_14.obj,0,0,1.0,0.0,0.0,
chair_032_01.obj,0,0,0.8885,0.1106,0.0009,
chair_032_02.obj,0,0,1.0,0.0,0.0,
chair_032_03.obj,0,0,1.0,0.0,0.0,
chair_032_04.obj,1,1,0.0558,0.944,0.0002,
chair_032_05.obj,0,0,1.0,0.0,0.0,
chair_032_06.obj,0,0,1.0,0.0,0.0,
chair_032_07.obj,0,0,0.9394,0.0162,0.0444,
chair_032_08.obj,0,0,0.9653,0.0078,0.0269,
chair_032_09.obj,0,0,0.9735,0.0258,0.0007,
chair_032_10.obj,0,0,0.9997,0.0003,0.0,
chair_053_01.obj,1,1,0.0001,0.9999,0.0,
chair_053_02.obj,1,1,0.1166,0.8829,0.0006,
chair_053_03.obj,1,1,0.1176,0.8818,0.0006,
chair_053_04.obj,1,1,0.0057,0.9943,0.0,
chair_053_05.obj,0,0,1.0,0.0,0.0,
chair_053_06.obj,0,0,1.0,0.0,0.0,
chair_053_07.obj,0,0,1.0,0.0,0.0,
chair_053_08.obj,0,0,1.0,0.0,0.0,
chair_053_09.obj,0,0,0.9997,0.0003,0.0,
chair_053_10.obj,0,0,1.0,0.0,0.0,
chair_053_11.obj,0,0,0.9998,0.0002,0.0,
chair_053_12.obj,0,0,1.0,0.0,0.0,
chair_053_13.obj,0,0,1.0,0.0,0.0,
chair_053_14.obj,0,0,0.9998,0.0002,0.0,
chair_053_15.obj,0,0,1.0,0.0,0.0,
chair_053_16.obj,1,1,0.0,1.0,0.0,
chair_055_01.obj,1,1,0.0056,0.9942,0.0002,
chair_055_02.obj,1,1,0.02,0.9799,0.0001,
chair_055_03.obj,0,0,1.0,0.0,0.0,
chair_055_04.obj,0,0,1.0,0.0,0.0,
chair_055_05.obj,0,0,1.0,0.0,0.0,
chair_055_06.obj,0,0,1.0,0.0,0.0,
chair_064_01.obj,1,1,0.0007,0.997,0.0023,
chair_064_02.obj,1,1,0.0025,0.9974,0.0001,
chair_064_03.obj,0,0,1.0,0.0,0.0,
chair_064_04.obj,0,0,1.0,0.0,0.0,
chair_064_05.obj,0,0,1.0,0.0,0.0,
chair_064_06.obj,0,0,1.0,0.0,0.0,
chair_064_07.obj,0,0,1.0,0.0,0.0,
chair_064_08.obj,0,0,1.0,0.0,0.0,
chair_066_01.obj,0,0,0.9988,0.0012,0.0,
chair_066_02.obj,0,0,1.0,0.0,0.0,
chair_066_03.obj,0,0,1.0,0.0,0.0,
chair_066_04.obj,0,0,1.0,0.0,0.0,
chair_066_05.obj,0,0,1.0,0.0,0.0,
chair_066_06.obj,0,0,1.0,0.0,0.0,
chair_066_07.obj,0,0,1.0,0.0,0.0,
chair_066_08.obj,0,0,1.0,0.0,0.0,
chair_066_09.obj,0,0,1.0,0.0,0.0,
chair_066_10.obj,0,0,1.0,0.0,0.0,
chair_066_11.obj,0,0,1.0,0.0,0.0,
chair_066_12.obj,1,1,0.0215,0.9784,0.0001,
chair_066_13.obj,2,2,0.0735,0.0784,0.848,
chair_066_14.obj,0,0,0.9999,0.0001,0.0,
chair_066_15.obj,0,0,0.9999,0.0001,0.0,
chair_066_16.obj,0,0,1.0,0.0,0.0,
chair_066_17.obj,0,0,0.9998,0.0002,0.0,
chair_066_18.obj,0,0,1.0,0.0,0.0,
chair_066_19.obj,2,2,0.0,0.0015,0.9985,
chair_066_20.obj,2,2,0.0,0.003,0.997,
chair_066_21.obj,2,2,0.0,0.0002,0.9998,
chair_066_22.obj,2,2,0.0,0.0001,0.9999,
chair_066_23.obj,2,2,0.0,0.0002,0.9998,
chair_076_01.obj,1,1,0.0001,0.9999,0.0,
chair_076_02.obj,1,1,0.0,1.0,0.0,
chair_076_03.obj,1,1,0.0,0.9999,0.0,
chair_076_04.obj,1,1,0.0013,0.9987,0.0,
chair_076_05.obj,1,1,0.0013,0.9987,0.0,
chair_076_06.obj,1,1,0.0007,0.9993,0.0,
chair_076_07.obj,2,2,0.0,0.0,1.0,
chair_076_08.obj,2,2,0.0,0.0,1.0,
chair_076_09.obj,2,2,0.0,0.0,1.0,
chair_076_10.obj,2,2,0.0,0.0,1.0,
chair_085_01.obj,1,1,0.318,0.6804,0.0017,
chair_085_02.obj,1,1,0.0544,0.9451,0.0005,
chair_085_03.obj,0,0,0.6805,0.3193,0.0002,
chair_085_04.obj,0,0,0.6812,0.3187,0.0002,
chair_095_01.obj,0,0,0.9975,0.0025,0.0,
chair_095_02.obj,1,0,0.3343,0.6653,0.0004,x
chair_095_03.obj,1,0,0.3343,0.6654,0.0004,x
chair_095_04.obj,0,0,0.9865,0.0135,0.0,
chair_138_01.obj,1,1,0.2207,0.7788,0.0004,
chair_138_02.obj,1,1,0.0334,0.9666,0.0001,
chair_138_03.obj,0,0,1.0,0.0,0.0,
chair_138_04.obj,0,0,1.0,0.0,0.0,
chair_138_05.obj,0,0,1.0,0.0,0.0,
chair_138_06.obj,0,0,1.0,0.0,0.0,
chair_171_01.obj,0,0,0.9987,0.0013,0.0,
chair_171_02.obj,0,0,0.9987,0.0013,0.0,
chair_171_03.obj,0,0,0.9987,0.0013,0.0,
chair_171_04.obj,0,0,1.0,0.0,0.0,
chair_171_05.obj,0,0,1.0,0.0,0.0,
chair_171_06.obj,1,1,0.2126,0.7873,0.0001,
chair_171_07.obj,0,0,1.0,0.0,0.0,
chair_171_08.obj,0,0,1.0,0.0,0.0,
chair_171_09.obj,0,0,0.9998,0.0002,0.0,
chair_171_10.obj,0,0,1.0,0.0,0.0,
chair_171_11.obj,0,0,0.9998,0.0002,0.0,
chair_171_12.obj,0,0,1.0,0.0,0.0,
chair_244_01.obj,1,1,0.0328,0.9663,0.0009,
chair_244_02.obj,1,1,0.001,0.999,0.0,
chair_244_03.obj,0,0,0.9102,0.0898,0.0001,
chair_244_04.obj,0,0,0.9869,0.0131,0.0,
chair_244_05.obj,0,0,0.9998,0.0002,0.0,
chair_244_06.obj,0,0,0.8506,0.1493,0.0,
chair_244_07.obj,0,0,0.9998,0.0002,0.0,
chair_244_08.obj,0,0,0.7815,0.2185,0.0,
chair_244_09.obj,0,0,0.9999,0.0001,0.0,
chair_244_10.obj,0,0,1.0,0.0,0.0,
chair_267_01.obj,1,1,0.0,0.9998,0.0001,
chair_267_02.obj,1,1,0.2055,0.7921,0.0025,
chair_267_03.obj,1,1,0.2308,0.7667,0.0025,
chair_267_04.obj,1,1,0.0079,0.992,0.0001,
chair_267_05.obj,0,0,1.0,0.0,0.0,
chair_267_06.obj,0,0,1.0,0.0,0.0,
chair_267_07.obj,0,0,1.0,0.0,0.0,
chair_267_08.obj,0,0,1.0,0.0,0.0,
chair_267_09.obj,1,1,0.0,0.9944,0.0056,
chair_002_01.obj,1,1,0.0827,0.8472,0.0701,
chair_002_02.obj,0,0,0.9975,0.0025,0.0,
chair_002_03.obj,0,0,0.9855,0.0145,0.0,
chair_002_04.obj,0,0,0.9891,0.0108,0.0,
chair_002_05.obj,0,0,0.9923,0.0077,0.0,
chair_002_06.obj,1,1,0.0915,0.8447,0.0638,
chair_002_07.obj,1,0,0.1319,0.8598,0.0083,x
chair_002_08.obj,1,0,0.1319,0.8599,0.0083,x
chair_002_09.obj,0,0,0.9508,0.049,0.0002,
chair_002_10.obj,0,0,0.951,0.0488,0.0002,
table_001_01.obj,1,1,0.0846,0.9024,0.013,
table_001_02.obj,1,1,0.0812,0.9081,0.0107,
table_001_03.obj,0,0,0.9928,0.0072,0.0,
table_001_04.obj,0,0,0.9926,0.0074,0.0,
table_001_05.obj,0,0,0.9928,0.0072,0.0,
table_001_06.obj,0,0,0.9926,0.0074,0.0,
table_002_01.obj,1,1,0.083,0.9038,0.0132,
table_002_02.obj,1,1,0.0799,0.9089,0.0111,
table_002_03.obj,0,0,0.7877,0.2119,0.0004,
table_002_04.obj,0,0,0.9848,0.0152,0.0,
table_002_05.obj,0,0,0.8916,0.1083,0.0001,
table_002_06.obj,0,0,0.9646,0.0354,0.0,
table_002_07.obj,1,0,0.1651,0.8123,0.0225,x
table_003_01.obj,1,1,0.0136,0.9692,0.0172,
table_003_02.obj,1,1,0.0114,0.9746,0.014,
table_003_03.obj,0,0,0.9594,0.0405,0.0,
table_003_04.obj,0,0,0.996,0.004,0.0,
table_003_05.obj,0,0,0.9614,0.0386,0.0,
table_003_06.obj,0,0,0.996,0.004,0.0,
table_003_07.obj,1,0,0.0152,0.981,0.0039,x
table_004_01.obj,1,1,0.0815,0.9079,0.0106,
table_004_02.obj,1,0,0.0839,0.9005,0.0156,x
table_004_03.obj,0,0,0.9903,0.0097,0.0,
table_004_04.obj,0,0,0.9973,0.0027,0.0,
table_004_05.obj,0,0,0.9903,0.0097,0.0,
table_004_06.obj,0,0,0.9973,0.0027,0.0,
table_005_01.obj,1,1,0.0805,0.9087,0.0109,
table_005_02.obj,1,1,0.0738,0.9136,0.0126,
table_005_03.obj,0,0,0.9483,0.0516,0.0001,
table_005_04.obj,0,0,0.9758,0.0241,0.0001,
table_005_05.obj,0,0,0.9485,0.0514,0.0001,
table_006_01.obj,1,1,0.0188,0.9788,0.0024,
table_006_02.obj,2,2,0.0,0.0,1.0,
table_006_03.obj,2,2,0.0,0.0,1.0,
table_006_04.obj,2,2,0.0,0.0,1.0,
table_006_05.obj,2,2,0.0,0.0,1.0,
table_006_06.obj,0,0,0.8067,0.1932,0.0001,
table_006_07.obj,1,1,0.0595,0.8789,0.0616,
table_006_08.obj,0,0,0.7403,0.2597,0.0001,
table_006_09.obj,1,1,0.0595,0.8789,0.0616,
table_006_10.obj,0,0,0.998,0.0019,0.0,
table_006_11.obj,0,0,0.998,0.0019,0.0,
table_006_12.obj,0,0,0.998,0.0019,0.0,
table_006_13.obj,0,0,0.998,0.0019,0.0,
table_006_14.obj,2,2,0.0013,0.0002,0.9985,
table_006_15.obj,2,2,0.0013,0.0002,0.9985,
table_006_16.obj,2,2,0.0013,0.0002,0.9985,
table_006_17.obj,2,2,0.0013,0.0002,0.9985,
table_007_01.obj,1,1,0.0129,0.986,0.0011,
table_007_02.obj,2,2,0.0,0.0,1.0,
table_007_03.obj,2,2,0.0,0.0,1.0,
table_007_04.obj,2,2,0.0,0.0,1.0,
table_007_05.obj,2,2,0.0,0.0,1.0,
table_007_06.obj,0,0,0.9951,0.0048,0.0,
table_007_07.obj,0,0,0.9871,0.0129,0.0,
table_007_08.obj,0,0,0.9951,0.0048,0.0,
table_007_09.obj,0,0,0.9876,0.0124,0.0,
table_007_10.obj,0,0,0.9961,0.0007,0.0031,
table_007_11.obj,0,0,0.9961,0.0007,0.0031,
table_007_12.obj,0,0,0.9961,0.0007,0.0031,
table_007_13.obj,0,0,0.9961,0.0007,0.0031,
table_008_01.obj,1,1,0.0793,0.9096,0.0111,
table_008_02.obj,1,0,0.0964,0.8852,0.0184,x
table_008_03.obj,1,0,0.0951,0.8399,0.065,x
table_009_01.obj,1,1,0.0162,0.9835,0.0003,
table_009_02.obj,1,1,0.0162,0.9835,0.0003,
table_009_03.obj,1,1,0.0912,0.9054,0.0035,
table_009_04.obj,1,1,0.0099,0.9888,0.0014,
table_009_05.obj,1,1,0.0064,0.993,0.0006,
table_009_06.obj,1,1,0.0147,0.9815,0.0038,
table_009_07.obj,2,2,0.0,0.0002,0.9998,
table_009_08.obj,2,2,0.0,0.0,1.0,
table_009_09.obj,1,2,0.0,0.6575,0.3424,x
table_009_10.obj,2,2,0.0,0.0002,0.9998,
table_009_11.obj,2,2,0.0,0.0,1.0,
table_009_12.obj,1,2,0.0,0.6575,0.3424,x
table_009_13.obj,2,2,0.0,0.0008,0.9992,
table_009_14.obj,2,2,0.0,0.0,1.0,
table_009_15.obj,2,2,0.0004,0.059,0.9406,
table_009_16.obj,2,2,0.0,0.0008,0.9992,
table_009_17.obj,2,2,0.0,0.0,1.0,
table_009_18.obj,2,2,0.0004,0.059,0.9406,
table_010_01.obj,2,2,0.0,0.0032,0.9967,
table_010_02.obj,1,1,0.0,1.0,0.0,
table_010_03.obj,1,1,0.0,1.0,0.0,
table_010_04.obj,1,1,0.0001,0.7541,0.2458,
table_010_05.obj,1,1,0.0,1.0,0.0,
table_010_06.obj,1,1,0.0,1.0,0.0,
table_010_07.obj,1,1,0.0001,0.7297,0.2703,
table_010_08.obj,1,1,0.0,1.0,0.0,
table_010_09.obj,1,1,0.0,1.0,0.0,
table_010_10.obj,1,1,0.0001,0.7778,0.2221,
table_010_11.obj,1,1,0.0,1.0,0.0,
table_010_12.obj,1,1,0.0,1.0,0.0,
table_010_13.obj,1,1,0.0001,0.7379,0.262,
table_011_01.obj,1,1,0.013,0.9855,0.0016,
table_011_02.obj,1,1,0.0121,0.9855,0.0025,
table_011_03.obj,1,0,0.1291,0.857,0.0139,x
table_011_04.obj,1,1,0.0911,0.844,0.0649,
table_011_05.obj,2,2,0.0022,0.0001,0.9978,
table_011_06.obj,2,2,0.0134,0.0,0.9866,
table_011_07.obj,2,2,0.0174,0.0,0.9826,
table_011_08.obj,2,2,0.0017,0.0001,0.9983,
table_011_09.obj,0,0,0.9961,0.0039,0.0,
table_011_10.obj,0,0,0.9961,0.0039,0.0,
table_011_11.obj,0,0,0.9961,0.0039,0.0,
table_011_12.obj,0,0,0.9961,0.0039,0.0,
table_012_01.obj,1,1,0.1558,0.8298,0.0144,
table_012_02.obj,1,1,0.0071,0.9928,0.0002,
table_012_03.obj,1,1,0.1089,0.8628,0.0283,
table_012_04.obj,2,2,0.0,0.0001,0.9999,
table_012_05.obj,2,2,0.0,0.0259,0.9741,
table_012_06.obj,2,2,0.0,0.0019,0.998,
table_012_07.obj,1,1,0.1574,0.8284,0.0142,
table_012_08.obj,1,2,0.0629,0.921,0.0162,x
table_013_01.obj,1,1,0.0065,0.993,0.0005,
table_013_02.obj,1,1,0.0057,0.9941,0.0002,
table_013_03.obj,0,0,0.9973,0.0027,0.0,
table_013_04.obj,0,0,0.9973,0.0027,0.0,
table_013_05.obj,0,0,0.9973,0.0027,0.0,
table_013_06.obj,0,0,0.9973,0.0027,0.0,
table_014_01.obj,1,1,0.0066,0.9928,0.0006,
table_014_02.obj,0,0,0.7087,0.2912,0.0001,
table_014_03.obj,0,0,0.7087,0.2912,0.0001,
table_014_04.obj,1,1,0.0129,0.9706,0.0165,
table_014_05.obj,1,1,0.0083,0.991,0.0007,
table_014_06.obj,1,1,0.0083,0.991,0.0007,
table_014_07.obj,1,1,0.0129,0.9706,0.0165,
table_014_08.obj,1,1,0.0129,0.9706,0.0165,
table_014_09.obj,1,1,0.0169,0.9799,0.0032,
table_014_10.obj,1,1,0.0155,0.9818,0.0027,
table_014_11.obj,1,1,0.0129,0.9706,0.0165,
table_014_12.obj,1,1,0.0126,0.9864,0.001,
table_014_13.obj,1,1,0.0014,0.9986,0.0,
table_014_14.obj,1,2,0.0709,0.7874,0.1417,x
table_014_15.obj,1,2,0.0709,0.7874,0.1417,x
table_014_16.obj,2,2,0.0,0.0,1.0,
table_014_17.obj,2,2,0.0,0.0,1.0,
table_014_18.obj,2,2,0.0,0.0,1.0,
cabinet_001_01.obj,1,1,0.0035,0.9965,0.0,
cabinet_001_02.obj,1,1,0.0035,0.9965,0.0,
cabinet_001_03.obj,1,1,0.0035,0.9965,0.0,
cabinet_001_04.obj,1,1,0.0035,0.9965,0.0,
cabinet_001_05.obj,1,1,0.0035,0.9965,0.0,
cabinet_001_06.obj,1,1,0.0035,0.9965,0.0,
cabinet_001_07.obj,1,1,0.0035,0.9965,0.0,
cabinet_001_08.obj,0,1,0.6851,0.3147,0.0002,x
cabinet_001_09.obj,1,1,0.0019,0.9981,0.0,
cabinet_001_10.obj,0,1,0.6851,0.3147,0.0002,x
cabinet_001_11.obj,0,0,0.9859,0.0141,0.0,
cabinet_001_12.obj,0,0,0.9859,0.0141,0.0,
cabinet_002_01.obj,1,1,0.0018,0.9982,0.0,
cabinet_002_02.obj,1,1,0.0193,0.9792,0.0015,
cabinet_002_03.obj,1,1,0.0193,0.9792,0.0015,
cabinet_002_04.obj,1,1,0.0272,0.9709,0.0019,
cabinet_002_05.obj,1,1,0.0018,0.9982,0.0,
cabinet_002_06.obj,2,2,0.0027,0.0654,0.9318,
cabinet_003_01.obj,1,1,0.0035,0.9965,0.0,
cabinet_003_02.obj,1,1,0.0035,0.9965,0.0,
cabinet_003_03.obj,1,1,0.0035,0.9965,0.0,
cabinet_003_04.obj,1,1,0.0035,0.9965,0.0,
cabinet_003_05.obj,1,1,0.0124,0.987,0.0006,
cabinet_003_06.obj,1,1,0.0124,0.987,0.0006,
cabinet_003_07.obj,1,1,0.0016,0.9984,0.0,
cabinet_003_08.obj,0,0,0.986,0.014,0.0,
cabinet_003_09.obj,0,0,0.986,0.014,0.0,
cabinet_004_01.obj,1,1,0.0063,0.9935,0.0002,
cabinet_004_02.obj,1,1,0.0063,0.9935,0.0002,
cabinet_004_03.obj,1,1,0.0063,0.9935,0.0002,
cabinet_004_04.obj,1,1,0.0063,0.9935,0.0002,
cabinet_004_05.obj,1,1,0.0124,0.987,0.0006,
cabinet_004_06.obj,1,1,0.0025,0.9975,0.0,
cabinet_004_07.obj,1,1,0.0124,0.987,0.0006,
cabinet_004_08.obj,0,0,0.7373,0.2626,0.0,
cabinet_004_09.obj,0,0,0.7373,0.2626,0.0,
cabinet_005_01.obj,1,1,0.007,0.9924,0.0006,
cabinet_005_02.obj,1,1,0.007,0.9924,0.0006,
cabinet_005_03.obj,1,1,0.007,0.9924,0.0006,
cabinet_005_04.obj,1,1,0.007,0.9924,0.0006,
cabinet_005_05.obj,1,1,0.007,0.9924,0.0006,
cabinet_005_06.obj,1,1,0.007,0.9924,0.0006,
cabinet_005_07.obj,0,1,0.6731,0.3268,0.0001,x
cabinet_005_08.obj,0,1,0.6731,0.3268,0.0001,x
cabinet_005_09.obj,1,1,0.004,0.9958,0.0002,
cabinet_006_01.obj,1,1,0.0428,0.9542,0.003,
cabinet_006_02.obj,0,0,0.998,0.002,0.0,
cabinet_006_03.obj,0,0,0.998,0.002,0.0,
cabinet_006_04.obj,0,0,0.9119,0.0879,0.0002,
cabinet_006_05.obj,0,0,0.9151,0.0849,0.0,
cabinet_006_06.obj,0,0,0.9119,0.0879,0.0002,
cabinet_006_07.obj,0,0,0.9147,0.0852,0.0,
cabinet_006_08.obj,0,0,0.9119,0.0879,0.0002,
cabinet_006_09.obj,1,1,0.0026,0.9973,0.0001,
cabinet_006_10.obj,1,1,0.0026,0.9973,0.0001,
cabinet_006_11.obj,1,1,0.0026,0.9973,0.0001,
cabinet_006_12.obj,1,1,0.0026,0.9973,0.0001,
cabinet_006_13.obj,0,1,0.8615,0.1382,0.0003,x
cabinet_006_14.obj,1,1,0.0448,0.9543,0.0009,
cabinet_006_15.obj,0,1,0.8615,0.1382,0.0003,x
cabinet_006_16.obj,2,2,0.0,0.0,1.0,
BedSet_02_01.obj,0,0,0.991,0.009,0.0,
BedSet_02_02.obj,1,1,0.0788,0.8787,0.0424,
BedSet_02_03.obj,1,1,0.0583,0.8716,0.0701,
BedSet_02_04.obj,1,1,0.0265,0.972,0.0016,
BedSet_02_05.obj,1,1,0.0265,0.972,0.0016,
BedSet_02_06.obj,1,1,0.0265,0.972,0.0016,
BedSet_02_07.obj,1,1,0.0265,0.972,0.0016,
BedSet_02_08.obj,0,0,0.991,0.009,0.0,
BedSet_02_09.obj,1,1,0.0503,0.9482,0.0015,
BedSet_02_10.obj,1,1,0.0503,0.9482,0.0015,
BedSet_02_11.obj,1,1,0.0095,0.9858,0.0047,
BedSet_02_12.obj,1,1,0.0095,0.9858,0.0047,
BedSet_02_13.obj,1,1,0.0968,0.8725,0.0307,
BedSet_02_14.obj,1,1,0.0968,0.8725,0.0307,
BedSet_02_15.obj,1,1,0.0181,0.9552,0.0267,
BedSet_02_16.obj,1,1,0.0189,0.9501,0.031,
BedSet_02_17.obj,0,0,0.9035,0.0962,0.0002,
BedSet_02_18.obj,1,1,0.0189,0.9501,0.031,
BedSet_02_19.obj,1,1,0.0181,0.9552,0.0267,
BedSet_02_20.obj,0,0,0.9009,0.0989,0.0002,
BedSet_02_21.obj,1,1,0.0173,0.961,0.0216,
BedSet_02_22.obj,1,2,0.1015,0.8724,0.0261,x
BedSet_02_23.obj,0,0,0.8177,0.1822,0.0001,
BedSet_02_24.obj,0,0,0.8118,0.1882,0.0001,
BedSet_03_01.obj,1,1,0.0195,0.9785,0.002,
BedSet_03_02.obj,1,1,0.0073,0.9925,0.0002,
BedSet_03_03.obj,1,1,0.2095,0.7436,0.0469,
BedSet_04_01.obj,1,1,0.0407,0.9583,0.0011,
BedSet_04_02.obj,1,1,0.0823,0.8717,0.0461,
BedSet_04_03.obj,1,1,0.0646,0.8783,0.0571,
BedSet_04_04.obj,1,1,0.0685,0.8944,0.0371,
BedSet_04_05.obj,1,1,0.0407,0.9583,0.0011,
BedSet_04_06.obj,1,1,0.0823,0.8717,0.0461,
BedSet_04_07.obj,1,1,0.0646,0.8783,0.0571,
BedSet_04_08.obj,1,1,0.0685,0.8944,0.0371,
BedSet_04_09.obj,1,1,0.0967,0.8656,0.0377,
BedSet_04_10.obj,1,1,0.2409,0.7578,0.0013,
BedSet_04_11.obj,1,1,0.0968,0.8663,0.0369,
BedSet_04_12.obj,1,1,0.0949,0.8568,0.0483,
BedSet_04_13.obj,1,1,0.0087,0.9838,0.0074,
BedSet_04_14.obj,1,1,0.0245,0.9738,0.0017,
BedSet_04_15.obj,1,1,0.0246,0.9737,0.0017,
BedSet_04_16.obj,1,1,0.0089,0.9852,0.0059,
BedSet_04_17.obj,0,0,0.9419,0.0581,0.0,
BedSet_04_18.obj,0,0,0.9641,0.0359,0.0,
BedSet_04_19.obj,0,0,0.9866,0.0134,0.0,
BedSet_04_20.obj,0,0,0.9647,0.0353,0.0,
BedSet_04_21.obj,1,1,0.0359,0.9571,0.007,
BedSet_04_22.obj,1,1,0.0313,0.9372,0.0314,
BedSet_05_01.obj,0,0,0.9912,0.0088,0.0,
BedSet_05_02.obj,0,0,0.997,0.003,0.0,
BedSet_05_03.obj,0,0,0.9948,0.005,0.0002,
BedSet_05_04.obj,0,0,0.997,0.003,0.0,
BedSet_05_05.obj,0,0,0.9901,0.0099,0.0,
BedSet_05_06.obj,0,0,0.994,0.0059,0.0,
BedSet_05_07.obj,0,0,0.9824,0.0176,0.0,
BedSet_05_08.obj,0,0,0.987,0.013,0.0,
BedSet_05_09.obj,0,0,0.9968,0.0032,0.0,
BedSet_05_10.obj,0,0,0.9939,0.0061,0.0,
BedSet_05_11.obj,0,0,0.9939,0.0061,0.0,
BedSet_05_12.obj,0,0,0.9939,0.0061,0.0,
BedSet_05_13.obj,0,0,0.9939,0.0061,0.0,
BedSet_05_14.obj,0,0,0.9939,0.0061,0.0,
BedSet_05_15.obj,0,0,0.9939,0.0061,0.0,
BedSet_05_16.obj,0,0,0.9747,0.0247,0.0005,
BedSet_05_17.obj,0,0,0.9747,0.0247,0.0005,
BedSet_05_18.obj,0,0,0.9751,0.0243,0.0006,
BedSet_05_19.obj,0,0,0.9826,0.0174,0.0,
BedSet_05_20.obj,0,0,0.9963,0.0035,0.0002,
BedSet_05_21.obj,0,0,0.9924,0.0076,0.0,
BedSet_05_22.obj,0,0,0.9924,0.0076,0.0,
BedSet_05_23.obj,0,0,0.9924,0.0076,0.0,
BedSet_05_24.obj,0,0,0.9924,0.0076,0.0,
BedSet_05_25.obj,0,0,0.9924,0.0076,0.0,
BedSet_05_26.obj,0,0,0.9924,0.0076,0.0,
BedSet_05_27.obj,0,0,0.9924,0.0076,0.0,
BedSet_05_28.obj,0,0,0.9924,0.0076,0.0,
BedSet_05_29.obj,0,0,0.9924,0.0076,0.0,
BedSet_05_30.obj,0,0,0.9924,0.0076,0.0,
BedSet_05_31.obj,0,0,0.9924,0.0076,0.0,
BedSet_05_32.obj,0,0,0.9924,0.0076,0.0,
BedSet_05_33.obj,0,0,0.9924,0.0076,0.0,
BedSet_05_34.obj,0,0,0.9924,0.0076,0.0,
BedSet_05_35.obj,0,0,0.9924,0.0076,0.0,
BedSet_06_01.obj,0,0,0.992,0.0078,0.0002,
BedSet_06_02.obj,0,0,0.9927,0.0072,0.0002,
BedSet_06_03.obj,0,0,0.9967,0.0033,0.0,
BedSet_06_04.obj,0,0,0.9968,0.0032,0.0,
BedSet_06_05.obj,0,0,0.898,0.1018,0.0003,
BedSet_06_06.obj,0,0,0.9963,0.0036,0.0,
BedSet_06_07.obj,0,0,0.995,0.005,0.0,
BedSet_06_08.obj,0,0,0.995,0.005,0.0,
BedSet_06_09.obj,0,0,0.995,0.005,0.0,
BedSet_06_10.obj,0,0,0.9802,0.0198,0.0,
BedSet_06_11.obj,0,0,0.9581,0.0418,0.0001,
BedSet_06_12.obj,1,1,0.0098,0.9891,0.0011,
BedSet_06_13.obj,0,0,0.9944,0.0055,0.0,
BedSet_07_01.obj,0,0,0.8962,0.1038,0.0,
BedSet_07_02.obj,0,0,0.9084,0.0916,0.0,
BedSet_07_03.obj,0,0,0.9977,0.0023,0.0,
BedSet_07_04.obj,0,0,0.9977,0.0023,0.0,
BedSet_07_05.obj,0,0,0.9977,0.0023,0.0,
BedSet_07_06.obj,0,0,0.9977,0.0023,0.0,
BedSet_07_07.obj,0,0,0.9977,0.0023,0.0,
BedSet_07_08.obj,0,0,0.9977,0.0023,0.0,
BedSet_07_09.obj,0,0,0.9977,0.0023,0.0,
BedSet_07_10.obj,0,0,0.9977,0.0023,0.0,
BedSet_07_11.obj,0,0,0.9977,0.0023,0.0,
BedSet_07_12.obj,0,0,0.9977,0.0023,0.0,
BedSet_07_13.obj,0,0,0.9977,0.0023,0.0,
BedSet_07_14.obj,0,0,0.9977,0.0023,0.0,
BedSet_07_15.obj,1,1,0.0116,0.9857,0.0027,
BedSet_07_16.obj,0,0,0.9967,0.0032,0.0,
BedSet_07_17.obj,0,0,1.0,0.0,0.0,
BedSet_07_18.obj,1,1,0.0135,0.9843,0.0023,
BedSet_07_19.obj,0,0,0.9973,0.0026,0.0,
BedSet_07_20.obj,0,0,0.9973,0.0026,0.0,
BedSet_07_21.obj,0,0,0.9973,0.0026,0.0,
BedSet_07_22.obj,0,0,0.9973,0.0026,0.0,
BedSet_07_23.obj,0,0,0.9965,0.0035,0.0,
BedSet_07_24.obj,0,0,0.9968,0.0032,0.0,
BedSet_07_25.obj,0,0,0.9954,0.0046,0.0,
BedSet_07_26.obj,0,0,0.9951,0.0049,0.0,
BedSet_07_27.obj,1,1,0.1278,0.8477,0.0245,
BedSet_08_01.obj,0,0,0.9961,0.0039,0.0,
BedSet_08_02.obj,0,0,0.9921,0.0075,0.0004,
BedSet_08_03.obj,0,0,0.9921,0.0075,0.0004,
BedSet_08_04.obj,0,0,0.9921,0.0075,0.0004,
BedSet_08_05.obj,0,0,0.9921,0.0075,0.0004,
BedSet_08_06.obj,0,0,0.9921,0.0075,0.0004,
BedSet_08_07.obj,0,0,0.9921,0.0075,0.0004,
BedSet_08_08.obj,0,0,0.9921,0.0075,0.0004,
BedSet_08_09.obj,0,0,0.9921,0.0075,0.0004,
BedSet_08_10.obj,1,1,0.0165,0.9812,0.0023,
BedSet_08_11.obj,0,0,0.9964,0.0036,0.0,
BedSet_08_12.obj,0,0,0.9964,0.0036,0.0,
BedSet_08_13.obj,0,0,0.996,0.004,0.0,
BedSet_08_14.obj,0,0,0.996,0.004,0.0,
BedSet_08_15.obj,0,0,0.9947,0.0053,0.0,
BedSet_08_16.obj,0,0,0.9537,0.0462,0.0001,
BedSet_08_17.obj,0,0,0.9542,0.0457,0.0001,
BedSet_08_18.obj,1,1,0.0108,0.9854,0.0038,
BedSet_08_19.obj,0,0,0.9947,0.0053,0.0,
BedSet_08_20.obj,0,0,0.992,0.0079,0.0001,
BedSet_08_21.obj,0,0,0.992,0.0079,0.0001,
BedSet_08_22.obj,0,0,0.9884,0.0116,0.0,
BedSet_08_23.obj,0,0,0.9876,0.0124,0.0,
BedSet_08_24.obj,0,0,0.9866,0.0134,0.0,
BedSet_08_25.obj,1,1,0.0461,0.9478,0.0061,
BedSet_08_26.obj,1,1,0.0448,0.9191,0.0361,
BedSet_09_01.obj,0,1,0.9306,0.0693,0.0002,x
BedSet_09_02.obj,1,1,0.2016,0.7469,0.0515,
BedSet_09_03.obj,1,1,0.2016,0.7469,0.0515,
BedSet_09_04.obj,1,1,0.0213,0.9524,0.0263,
BedSet_09_05.obj,1,1,0.0508,0.6119,0.3373,
BedSet_09_06.obj,1,1,0.0514,0.5793,0.3693,
BedSet_09_07.obj,1,1,0.0388,0.6855,0.2757,
BedSet_09_08.obj,0,0,0.68,0.3191,0.0009,
BedSet_09_09.obj,1,1,0.0533,0.9425,0.0042,
BedSet_09_10.obj,1,1,0.0936,0.8874,0.0189,
BedSet_09_11.obj,1,1,0.0934,0.8504,0.0561,
BedSet_09_12.obj,1,1,0.0936,0.8874,0.0189,
BedSet_09_13.obj,1,1,0.0934,0.8504,0.0561,
BedSet_09_14.obj,2,2,0.0,0.0,1.0,
BedSet_09_15.obj,2,2,0.0,0.0,1.0,
BedSet_09_16.obj,2,2,0.0,0.0,1.0,
BedSet_09_17.obj,1,1,0.0308,0.9442,0.025,
BedSet_10_01.obj,2,2,0.0,0.0,1.0,
BedSet_10_02.obj,2,2,0.0,0.0,1.0,
BedSet_10_03.obj,2,2,0.0,0.0,1.0,
BedSet_10_04.obj,2,2,0.0,0.0,1.0,
BedSet_10_05.obj,1,1,0.0213,0.9253,0.0535,
BedSet_10_06.obj,0,0,0.9969,0.003,0.0,
BedSet_10_07.obj,0,0,0.9969,0.003,0.0,
BedSet_10_08.obj,0,0,0.9969,0.003,0.0,
BedSet_10_09.obj,0,0,0.9753,0.0247,0.0,
BedSet_10_10.obj,0,0,0.9968,0.0032,0.0,
BedSet_10_11.obj,0,0,0.987,0.0129,0.0,
BedSet_10_12.obj,0,0,0.975,0.025,0.0,
BedSet_10_13.obj,0,0,0.9969,0.003,0.0,
BedSet_10_14.obj,0,0,0.9969,0.003,0.0,
BedSet_10_15.obj,0,0,0.9969,0.003,0.0,
BedSet_10_16.obj,0,0,0.9969,0.003,0.0,
BedSet_10_17.obj,0,0,0.9969,0.003,0.0,
BedSet_10_18.obj,0,0,0.9969,0.003,0.0,
BedSet_10_19.obj,0,0,0.997,0.003,0.0,
BedSet_10_20.obj,0,0,0.9968,0.0032,0.0,
BedSet_10_21.obj,0,0,0.9969,0.003,0.0,
BedSet_10_22.obj,0,0,0.9971,0.0029,0.0,
BedSet_10_23.obj,0,0,0.9969,0.003,0.0,
BedSet_10_24.obj,0,0,0.997,0.003,0.0,
BedSet_10_25.obj,0,0,0.9969,0.003,0.0,
BedSet_10_26.obj,0,0,0.9969,0.003,0.0,
BedSet_10_27.obj,0,0,0.9969,0.003,0.0,
BedSet_10_28.obj,0,0,0.997,0.0029,0.0,
BedSet_10_29.obj,0,0,0.9969,0.003,0.0,
BedSet_10_30.obj,0,0,0.9971,0.0029,0.0,
BedSet_10_31.obj,0,0,0.9969,0.003,0.0,
BedSet_10_32.obj,0,0,0.9969,0.003,0.0,
BedSet_10_33.obj,1,1,0.0948,0.8539,0.0513,
BedSet_10_34.obj,0,0,0.9969,0.003,0.0,
BedSet_10_35.obj,0,0,0.9969,0.003,0.0,
BedSet_10_36.obj,0,0,0.9969,0.003,0.0,
BedSet_10_37.obj,0,0,0.9969,0.003,0.0,
BedSet_10_38.obj,0,0,0.9969,0.003,0.0,
BedSet_10_39.obj,0,0,0.9969,0.003,0.0,
BedSet_10_40.obj,1,1,0.0948,0.8539,0.0513,
BedSet_10_41.obj,0,0,0.9969,0.003,0.0,
BedSet_10_42.obj,0,0,0.987,0.0129,0.0,
BedSet_10_43.obj,0,0,0.5501,0.449,0.0009,
BedSet_10_44.obj,0,0,0.9969,0.003,0.0,
BedSet_10_45.obj,0,0,0.9969,0.003,0.0,
BedSet_10_46.obj,1,1,0.04,0.954,0.006,
BedSet_10_47.obj,0,1,0.5012,0.4924,0.0064,x
BedSet_11_01.obj,1,1,0.0563,0.8995,0.0441,
BedSet_11_02.obj,1,1,0.0285,0.9396,0.0318,
BedSet_11_03.obj,1,1,0.0296,0.9386,0.0318,
BedSet_11_04.obj,0,0,0.9758,0.0241,0.0,
BedSet_11_05.obj,0,0,0.992,0.008,0.0,
BedSet_11_06.obj,0,0,0.9916,0.0083,0.0,
BedSet_11_07.obj,0,0,0.9916,0.0083,0.0,
BedSet_11_08.obj,0,0,0.9916,0.0083,0.0,
BedSet_11_09.obj,0,0,0.9916,0.0083,0.0,
BedSet_11_10.obj,0,0,0.9916,0.0083,0.0,
BedSet_11_11.obj,0,0,0.991,0.0089,0.0,
BedSet_11_12.obj,0,0,0.9917,0.0083,0.0,
BedSet_11_13.obj,0,0,0.9917,0.0083,0.0,
BedSet_11_14.obj,0,0,0.9917,0.0083,0.0,
BedSet_11_15.obj,0,0,0.9917,0.0083,0.0,
BedSet_11_16.obj,0,0,0.9917,0.0083,0.0,
BedSet_11_17.obj,0,0,0.9916,0.0083,0.0,
BedSet_11_18.obj,0,0,0.9917,0.0083,0.0,
BedSet_11_19.obj,0,0,0.9916,0.0083,0.0,
BedSet_11_20.obj,0,0,0.9916,0.0083,0.0,
BedSet_11_21.obj,0,0,0.9968,0.0032,0.0,
BedSet_11_22.obj,0,0,0.9968,0.0032,0.0,
BedSet_11_23.obj,0,0,0.9968,0.0032,0.0,
BedSet_11_24.obj,0,0,0.9968,0.0032,0.0,
BedSet_11_25.obj,0,0,0.9968,0.0032,0.0,
BedSet_11_26.obj,1,1,0.0998,0.8914,0.0088,
BedSet_11_27.obj,0,0,0.9762,0.0238,0.0,
BedSet_11_28.obj,0,0,0.992,0.008,0.0,
BedSet_11_29.obj,0,0,0.9916,0.0083,0.0,
BedSet_11_30.obj,0,0,0.9916,0.0083,0.0,
BedSet_11_31.obj,0,0,0.9916,0.0083,0.0,
BedSet_11_32.obj,0,0,0.9916,0.0083,0.0,
BedSet_11_33.obj,0,0,0.9916,0.0083,0.0,
BedSet_11_34.obj,0,0,0.991,0.0089,0.0,
BedSet_11_35.obj,0,0,0.9917,0.0083,0.0,
BedSet_11_36.obj,0,0,0.9917,0.0083,0.0,
BedSet_11_37.obj,0,0,0.9917,0.0083,0.0,
BedSet_11_38.obj,0,0,0.9917,0.0083,0.0,
BedSet_11_39.obj,0,0,0.9917,0.0083,0.0,
BedSet_11_40.obj,0,0,0.9916,0.0083,0.0,
BedSet_11_41.obj,0,0,0.9917,0.0083,0.0,
BedSet_11_42.obj,0,0,0.9916,0.0083,0.0,
BedSet_11_43.obj,0,0,0.9916,0.0083,0.0,
BedSet_11_44.obj,0,0,0.9969,0.0031,0.0,
BedSet_11_45.obj,0,0,0.9969,0.0031,0.0,
BedSet_11_46.obj,0,0,0.9969,0.0031,0.0,
BedSet_11_47.obj,0,0,0.9969,0.0031,0.0,
BedSet_11_48.obj,0,0,0.9969,0.0031,0.0,
BedSet_11_49.obj,0,0,0.9917,0.0083,0.0,
BedSet_11_50.obj,0,0,0.991,0.009,0.0,
BedSet_11_51.obj,1,1,0.0514,0.8997,0.049,
BedSet_11_52.obj,0,0,0.991,0.009,0.0,
BedSet_11_53.obj,1,1,0.0603,0.9066,0.0331,
BedSet_12_01.obj,0,0,0.9966,0.0034,0.0,
BedSet_12_02.obj,0,0,0.9965,0.0035,0.0,
BedSet_12_03.obj,0,0,0.9953,0.0047,0.0,
BedSet_12_04.obj,0,0,0.9963,0.0036,0.0,
BedSet_12_05.obj,0,0,0.9964,0.0036,0.0,
BedSet_12_06.obj,0,0,0.9966,0.0034,0.0,
BedSet_12_07.obj,0,0,0.9965,0.0035,0.0,
BedSet_12_08.obj,0,0,0.9953,0.0047,0.0,
BedSet_12_09.obj,1,1,0.091,0.8538,0.0553,
BedSet_12_10.obj,1,1,0.0145,0.9817,0.0038,
BedSet_12_11.obj,1,1,0.0095,0.9891,0.0014,
BedSet_13_01.obj,0,0,0.9965,0.0035,0.0,
BedSet_13_02.obj,0,0,0.9953,0.0047,0.0,
BedSet_13_03.obj,0,0,0.9965,0.0035,0.0,
BedSet_13_04.obj,0,0,0.9953,0.0047,0.0,
BedSet_13_05.obj,1,1,0.0218,0.9486,0.0296,
BedSet_13_06.obj,1,0,0.3995,0.5991,0.0014,x
BedSet_13_07.obj,1,1,0.0485,0.945,0.0065,
BedSet_14_01.obj,0,0,0.9965,0.0035,0.0,
BedSet_14_02.obj,0,0,0.9953,0.0047,0.0,
BedSet_14_03.obj,0,0,0.9965,0.0035,0.0,
BedSet_14_04.obj,0,0,0.9953,0.0047,0.0,
BedSet_14_05.obj,1,1,0.0135,0.9679,0.0187,
BedSet_14_06.obj,0,0,0.71,0.2893,0.0007,
BedSet_14_07.obj,1,1,0.1093,0.8771,0.0136,
BedSet_15_01.obj,0,0,0.9965,0.0035,0.0,
BedSet_15_02.obj,0,0,0.9953,0.0047,0.0,
BedSet_15_03.obj,0,0,0.9965,0.0035,0.0,
BedSet_15_04.obj,0,0,0.9953,0.0047,0.0,
BedSet_15_05.obj,1,1,0.0101,0.9779,0.0121,
BedSet_15_06.obj,0,0,0.8605,0.1391,0.0004,
BedSet_15_07.obj,1,1,0.0786,0.9166,0.0048,
BedSet_16_01.obj,0,0,0.9909,0.0091,0.0,
BedSet_16_02.obj,0,0,0.9909,0.0091,0.0,
BedSet_16_03.obj,0,0,0.8345,0.1651,0.0004,
BedSet_16_04.obj,1,1,0.0275,0.9427,0.0297,
BedSet_16_05.obj,1,1,0.0275,0.9427,0.0297,
BedSet_16_06.obj,1,1,0.0275,0.9427,0.0297,
BedSet_16_07.obj,1,1,0.0275,0.9427,0.0297,
BedSet_16_08.obj,0,0,0.9699,0.0301,0.0,
BedSet_16_09.obj,0,0,0.9699,0.0301,0.0,
BedSet_16_10.obj,0,0,0.9966,0.0034,0.0,
BedSet_16_11.obj,0,0,0.9857,0.0143,0.0,
BedSet_16_12.obj,0,0,0.9325,0.0673,0.0002,
BedSet_16_13.obj,0,0,0.9251,0.0747,0.0002,
BedSet_16_14.obj,0,0,0.9327,0.0671,0.0002,
BedSet_16_15.obj,0,0,0.9249,0.0749,0.0002,
BedSet_16_16.obj,0,0,0.9323,0.0676,0.0002,
BedSet_16_17.obj,0,0,0.925,0.0748,0.0002,
BedSet_16_18.obj,0,0,0.9327,0.0671,0.0002,
BedSet_16_19.obj,0,0,0.925,0.0748,0.0002,
BedSet_16_20.obj,0,0,0.9968,0.0032,0.0,
BedSet_16_21.obj,0,0,0.988,0.012,0.0,
BedSet_16_22.obj,0,0,0.8336,0.1661,0.0004,
BedSet_16_23.obj,0,0,0.9806,0.0194,0.0,
BedSet_16_24.obj,0,0,0.9914,0.0086,0.0,
BedSet_16_25.obj,0,0,0.9913,0.0086,0.0,
BedSet_16_26.obj,0,0,0.9818,0.0182,0.0,
BedSet_16_27.obj,0,0,0.9806,0.0194,0.0,
BedSet_16_28.obj,1,1,0.1247,0.843,0.0323,
BedSet_16_29.obj,0,0,0.9947,0.0053,0.0,
BedSet_16_30.obj,0,0,0.9947,0.0053,0.0,
BedSet_16_31.obj,0,0,0.9947,0.0053,0.0,
BedSet_16_32.obj,0,0,0.9816,0.0184,0.0,
BedSet_16_33.obj,0,0,0.9947,0.0053,0.0,
BedSet_16_34.obj,0,0,0.9947,0.0053,0.0,
BedSet_16_35.obj,0,0,0.9947,0.0053,0.0,
BedSet_16_36.obj,0,0,0.9947,0.0053,0.0,
BedSet_16_37.obj,0,0,0.9947,0.0053,0.0,
BedSet_16_38.obj,0,0,0.9947,0.0053,0.0,
BedSet_16_39.obj,0,0,0.9947,0.0053,0.0,
BedSet_16_40.obj,0,0,0.9947,0.0053,0.0,
BedSet_16_41.obj,0,0,0.9947,0.0053,0.0,
BedSet_16_42.obj,0,0,0.9947,0.0053,0.0,
BedSet_16_43.obj,1,1,0.3012,0.6975,0.0013,
BedSet_16_44.obj,2,2,0.0001,0.0015,0.9984,
BedSet_16_45.obj,0,0,0.992,0.008,0.0,
BedSet_16_46.obj,0,0,0.9838,0.0162,0.0,
BedSet_16_47.obj,0,0,0.9947,0.0053,0.0,
BedSet_16_48.obj,1,1,0.051,0.9489,0.0001,
BedSet_16_49.obj,1,1,0.0503,0.9495,0.0001,
BedSet_16_50.obj,1,1,0.0508,0.9491,0.0001,
BedSet_16_51.obj,1,1,0.0499,0.95,0.0001,
BedSet_17_01.obj,0,0,0.9948,0.0051,0.0,
BedSet_17_02.obj,0,0,0.9921,0.0079,0.0,
BedSet_17_03.obj,0,0,0.9948,0.0051,0.0,
BedSet_17_04.obj,0,0,0.9165,0.0833,0.0002,
BedSet_17_05.obj,0,0,0.9955,0.0045,0.0,
BedSet_17_06.obj,0,0,0.9939,0.0061,0.0,
BedSet_17_07.obj,0,0,0.9314,0.0685,0.0002,
BedSet_17_08.obj,1,1,0.0135,0.9843,0.0022,
BedSet_17_09.obj,0,0,0.9917,0.0083,0.0,
BedSet_17_10.obj,0,0,0.9469,0.0529,0.0001,
BedSet_17_11.obj,0,0,0.9469,0.0529,0.0001,
BedSet_17_12.obj,1,1,0.0133,0.9845,0.0022,
BedSet_17_13.obj,0,0,0.9917,0.0083,0.0,
BedSet_17_14.obj,0,0,0.9469,0.0529,0.0001,
BedSet_17_15.obj,0,0,0.9469,0.0529,0.0001,
BedSet_17_16.obj,1,1,0.0135,0.9843,0.0022,
BedSet_17_17.obj,0,0,0.9917,0.0083,0.0,
BedSet_17_18.obj,0,0,0.9469,0.0529,0.0001,
BedSet_17_19.obj,0,0,0.9469,0.0529,0.0001,
BedSet_17_20.obj,1,1,0.0133,0.9845,0.0022,
BedSet_17_21.obj,0,0,0.9917,0.0083,0.0,
BedSet_17_22.obj,0,0,0.9469,0.0529,0.0001,
BedSet_17_23.obj,0,0,0.9469,0.0529,0.0001,
BedSet_17_24.obj,0,0,0.9968,0.0031,0.0,
BedSet_17_25.obj,0,0,0.9968,0.0031,0.0,
BedSet_17_26.obj,0,0,0.9909,0.0091,0.0,
BedSet_17_27.obj,0,0,0.9909,0.0091,0.0,
BedSet_17_28.obj,1,1,0.0499,0.95,0.0001,
BedSet_17_29.obj,1,1,0.0504,0.9458,0.0038,
BedSet_17_30.obj,0,0,0.9952,0.0047,0.0,
BedSet_17_31.obj,0,0,0.9952,0.0047,0.0,
BedSet_17_32.obj,0,0,0.9952,0.0047,0.0,
BedSet_17_33.obj,2,2,0.0001,0.0015,0.9984,
BedSet_17_34.obj,0,0,0.9838,0.0162,0.0,
BedSet_17_35.obj,0,0,0.9952,0.0047,0.0,
BedSet_17_36.obj,0,0,0.992,0.008,0.0,
BedSet_17_37.obj,0,0,0.9952,0.0047,0.0,
BedSet_17_38.obj,0,1,0.6763,0.3229,0.0007,x
BedSet_17_39.obj,0,0,0.9816,0.0184,0.0,
BedSet_17_40.obj,0,0,0.9952,0.0047,0.0,
BedSet_17_41.obj,0,0,0.9952,0.0047,0.0,
BedSet_17_42.obj,0,0,0.9952,0.0047,0.0,
BedSet_17_43.obj,0,0,0.9952,0.0047,0.0,
BedSet_17_44.obj,0,0,0.9952,0.0047,0.0,
BedSet_17_45.obj,0,0,0.9952,0.0047,0.0,
BedSet_17_46.obj,0,0,0.9952,0.0047,0.0,
BedSet_17_47.obj,0,0,0.9952,0.0047,0.0,
BedSet_17_48.obj,0,0,0.9952,0.0047,0.0,
BedSet_17_49.obj,1,1,0.0508,0.9491,0.0001,
BedSet_17_50.obj,1,1,0.0503,0.9496,0.0001,
BedSet_17_51.obj,1,1,0.051,0.9489,0.0001,
BedSet_18_01.obj,1,1,0.0099,0.9802,0.0099,
BedSet_18_02.obj,0,0,0.9982,0.0004,0.0014,
BedSet_18_03.obj,0,0,0.9996,0.0004,0.0001,
BedSet_18_04.obj,0,0,0.9977,0.0004,0.0019,
BedSet_18_05.obj,0,0,0.9996,0.0004,0.0001,
BedSet_18_06.obj,0,0,0.9866,0.0133,0.0,
BedSet_18_07.obj,0,0,0.9664,0.0335,0.0001,
BedSet_18_08.obj,0,0,0.9866,0.0133,0.0,
BedSet_18_09.obj,1,1,0.0544,0.9409,0.0048,
BedSet_19_01.obj,1,1,0.0947,0.8536,0.0517,
BedSet_19_02.obj,0,0,0.9964,0.0036,0.0,
BedSet_19_03.obj,0,0,0.9959,0.0041,0.0,
BedSet_19_04.obj,0,0,0.9964,0.0036,0.0,
BedSet_19_05.obj,0,0,0.9959,0.0041,0.0,
BedSet_19_06.obj,0,0,0.9972,0.0028,0.0,
BedSet_19_07.obj,0,0,0.9972,0.0028,0.0,
BedSet_19_08.obj,0,0,0.9972,0.0028,0.0,
BedSet_19_09.obj,0,0,0.9971,0.0029,0.0,
BedSet_19_10.obj,0,0,0.9887,0.0113,0.0,
BedSet_19_11.obj,0,0,0.9887,0.0113,0.0,
BedSet_19_12.obj,1,0,0.2103,0.739,0.0507,x
BedSet_19_13.obj,1,0,0.0725,0.8372,0.0902,x
BedSet_19_14.obj,0,0,0.997,0.003,0.0,
BedSet_19_15.obj,0,0,0.9961,0.0039,0.0,
BedSet_19_16.obj,0,0,0.9831,0.0168,0.0001,
BedSet_19_17.obj,0,0,0.9757,0.0242,0.0001,
BedSet_19_18.obj,0,0,0.9831,0.0168,0.0001,
BedSet_19_19.obj,0,0,0.9773,0.0226,0.0001,
BedSet_19_20.obj,0,0,0.9814,0.0186,0.0,
BedSet_19_21.obj,0,0,0.9831,0.0168,0.0001,
BedSet_19_22.obj,0,0,0.9831,0.0168,0.0001,
BedSet_19_23.obj,1,1,0.0848,0.8404,0.0748,
BedSet_19_24.obj,0,0,0.9961,0.0039,0.0,
BedSet_19_25.obj,1,0,0.2073,0.7413,0.0514,x
BedSet_19_26.obj,0,0,0.997,0.003,0.0,
BedSet_19_27.obj,1,0,0.2113,0.7385,0.0502,x
BedSet_19_28.obj,0,0,0.997,0.003,0.0,
BedSet_19_29.obj,0,0,0.997,0.003,0.0,
BedSet_19_30.obj,0,0,0.9939,0.0061,0.0,
BedSet_20_01.obj,0,0,0.9669,0.033,0.0001,
BedSet_20_02.obj,1,1,0.0329,0.9619,0.0052,
BedSet_20_03.obj,2,2,0.0349,0.3841,0.581,
BedSet_20_04.obj,2,2,0.0349,0.3841,0.581,
BedSet_20_05.obj,2,2,0.0349,0.3841,0.581,
BedSet_20_06.obj,2,2,0.0349,0.3841,0.581,
BedSet_20_07.obj,1,1,0.1789,0.7535,0.0676,
BedSet_20_08.obj,1,1,0.0428,0.9276,0.0295,
